BILLING_ID,COUPON_ID,DELIVERY_ID,TIP_DETAILS,PAYMENT_METHOD,TRANSACTION_STATUS,NET_TOTAL,CONVENIENCE_FEE,ORDER_DELIVERY_CHARGE,PAYMENT_TXN_ID,IS_BANK_DISCOUNT,SAVINGS_SHOWN_TO_CUSTOMER,TOTAL_TAX,ORDER_ID
193681612,90a719da-32ba-4db8-8dd8-df80977d0274,193681612,PRE_ORDER_TIPPING,Credit/Debit card,success,213.0000,0.0000,18.0000,93082512192,TRUE,TRUE,0,93082512192
155127777,2dbe194a-12b6-447f-b715-9b8f3669c42a,155127777,,Bank,success,224.0000,0.0000,0.0000,62165689557,FALSE,TRUE,15,62165689557
105098551,02c8f93e-55af-44b6-85d2-c42168a68797,105098551,,Cash,success,160.0000,0.0000,15.0000,67442533115,FALSE,TRUE,9,67442533115
105098551,2ee4d05f-89b8-4ce4-b52d-6537d655bbff,105098551,,Cash,success,197.0000,0.0000,15.0000,56466675782,FALSE,TRUE,12,56466675782
222593401,fa8bc9b3-81ef-4175-935a-aa20d831c803,222593401,PRE_ORDER_TIPPING,Credit/Debit card,success,384.0000,0.0000,16.0000,126006368540,FALSE,TRUE,18,126006368540
254424562,80948fc4-0bb3-4522-84bf-4fd08fb63692,254424562,PRE_ORDER_TIPPING,Credit/Debit card,success,243.0000,0.0000,19.0000,124112672283,FALSE,TRUE,12,124112672283
254424562,20bf7bda-8407-4381-86c6-47c6b107b538,254424562,PRE_ORDER_TIPPING,Credit/Debit card,success,379.0000,0.0000,19.0000,123956371241,FALSE,TRUE,0,123956371241
254424562,47f87852-cded-43ab-afa2-2f39b16d7234,254424562,PRE_ORDER_TIPPING,Credit/Debit card,success,84.0000,0.0000,19.0000,123934748586,FALSE,TRUE,0,123934748586
244152561,c8e3a894-2329-4446-8ddb-254a4db7d1da,244152561,PRE_ORDER_TIPPING,Cash,success,94.0000,0.0000,30.0000,121704431473,FALSE,TRUE,0,121704431473
247884727,cb69b7a9-c777-488e-9549-16aeb9029459,247884727,PRE_ORDER_TIPPING,Bank,success,110.0000,0.0000,22.0000,121616873371,FALSE,TRUE,6,121616873371
247884727,428288c5-7d67-42ad-ab86-1d9f7647fbf6,247884727,PRE_ORDER_TIPPING,Credit/Debit card,success,720.0000,0.0000,24.0000,121612352923,FALSE,,80,121612352923
247884727,1825f05a-527a-4682-9fe5-641a9721d318,247884727,PRE_ORDER_TIPPING,Credit/Debit card,success,280.0000,0.0000,19.0000,121532265953,FALSE,TRUE,17,121532265953
247884727,a7719115-3593-41fc-9b8d-c9e1e0018b08,247884727,PRE_ORDER_TIPPING,Credit/Debit card,success,107.0000,0.0000,19.0000,121506244300,FALSE,TRUE,4,121506244300
247884727,87be6a80-2105-4dfe-b8e6-065e116a812c,247884727,PRE_ORDER_TIPPING,Bank,success,128.0000,0.0000,22.0000,121425183457,FALSE,TRUE,6,121425183457
247884727,a5222929-df01-4716-a238-335ccd60631b,247884727,PRE_ORDER_TIPPING,Bank,success,85.0000,0.0000,22.0000,121364012208,FALSE,TRUE,0,121364012208
247884727,e3d43f6b-8ce5-41e4-8333-c8a0896142a0,247884727,PRE_ORDER_TIPPING,Bank,success,165.0000,0.0000,34.0000,121333501505,FALSE,TRUE,7,121333501505
247521196,ed81b025-7172-4511-93f1-cb6aa5881ea4,247521196,PRE_ORDER_TIPPING,Bank,success,107.0000,0.0000,44.0000,121174482969,FALSE,TRUE,0,121174482969
244152561,4fe2c86a-b706-465c-8ff5-feabf2ceb919,244152561,PRE_ORDER_TIPPING,Cash,success,137.0000,0.0000,32.0000,120218129104,FALSE,TRUE,0,120218129104
244152561,7976b4d0-0ab7-4886-a5e4-c6c7c2f88742,244152561,PRE_ORDER_TIPPING,Credit/Debit card,success,232.0000,0.0000,0.0000,120061345598,FALSE,TRUE,12,120061345598
244152561,64774725-7f2d-47d0-84f6-998e5f4d1a5c,244152561,PRE_ORDER_TIPPING,Bank,success,160.0000,0.0000,0.0000,119978331737,FALSE,TRUE,0,119978331737
244152561,64774725-7f2d-47d0-84f6-998e5f4d1a5c,244152561,PRE_ORDER_TIPPING,Bank,refund-initiated,82.0000,0.0000,30.0000,119978130266,FALSE,,0,119978130266
244152561,42899fb1-40fb-4a90-891d-088f7046993e,244152561,PRE_ORDER_TIPPING,Cash,refund-initiated,160.0000,0.0000,0.0000,119977898575,FALSE,,0,119977898575
244152561,bf2fac43-c271-4647-8b77-2c11e05327a0,244152561,PRE_ORDER_TIPPING,Cash,success,64.0000,0.0000,0.0000,119784461479,FALSE,TRUE,0,119784461479
244152561,9cfcab2a-51e3-46ea-b201-7bde51fac390,244152561,PRE_ORDER_TIPPING,Bank,success,64.0000,0.0000,0.0000,119784325149,FALSE,TRUE,0,119784325149
232958056,3b8d2f18-c7e9-4243-ae65-c587da59c155,232958056,PRE_ORDER_TIPPING,Cash,success,64.0000,0.0000,0.0000,119718214391,FALSE,TRUE,0,119718214391
232958056,ef76a9e9-932c-444b-a390-6e9157386a61,232958056,PRE_ORDER_TIPPING,Cash,success,95.0000,0.0000,0.0000,119598556755,FALSE,TRUE,0,119598556755
232958056,bf2fac43-c271-4647-8b77-2c11e05327a0,232958056,PRE_ORDER_TIPPING,Cash,success,109.0000,0.0000,0.0000,119372353559,FALSE,TRUE,0,119372353559
232958056,7073d9f3-5c14-4572-a159-7f00e81ae0c2,232958056,PRE_ORDER_TIPPING,Bank,success,80.0000,0.0000,0.0000,119282767209,FALSE,TRUE,0,119282767209
232958056,88c6a65b-1dad-427b-b313-53b0b25654cc,232958056,PRE_ORDER_TIPPING,Credit/Debit card,success,115.0000,0.0000,0.0000,118947800182,FALSE,TRUE,0,118947800182
232958056,d6457c78-026a-4bf6-be87-cb8069270e1c,232958056,PRE_ORDER_TIPPING,Bank,success,90.0000,0.0000,0.0000,118670163045,FALSE,TRUE,5,118670163045
231148086,b4af3746-a8f5-4926-9a01-e650678619e9,231148086,PRE_ORDER_TIPPING,Credit/Debit card,success,168.0000,0.0000,0.0000,118473910557,FALSE,TRUE,8,118473910557
231148086,e336738c-d65b-4828-89ec-ad87fc2d4260,231148086,PRE_ORDER_TIPPING,Bank,success,115.0000,0.0000,0.0000,118348968288,FALSE,TRUE,0,118348968288
231148086,cb9c74e8-5753-4c19-a930-db15c71c94f2,231148086,PRE_ORDER_TIPPING,Credit/Debit card,success,139.0000,0.0000,0.0000,118173803308,FALSE,TRUE,20,118173803308
231148086,4b14a7db-7ab2-4ea0-a3bc-ae1bb7c40c57,231148086,PRE_ORDER_TIPPING,Credit/Debit card,success,128.0000,0.0000,0.0000,118171376532,FALSE,TRUE,8,118171376532
231148086,f0de3b6e-f8d8-427e-93ce-a655a0724a91,231148086,PRE_ORDER_TIPPING,Credit/Debit card,success,300.0000,0.0000,0.0000,117985351963,TRUE,TRUE,18,117985351963
232958056,068c1430-ed4f-48bc-8495-302ce9734137,232958056,PRE_ORDER_TIPPING,Cash,success,90.0000,0.0000,0.0000,117792312670,FALSE,TRUE,5,117792312670
231148086,a4e62c4d-7cac-41b0-9e3d-adf94bc3059a,231148086,PRE_ORDER_TIPPING,Credit/Debit card,success,486.0000,0.0000,0.0000,117406417303,FALSE,TRUE,14,117406417303
231148086,bcf996b9-83c9-4d61-9da6-425b133b0278,231148086,PRE_ORDER_TIPPING,Bank,success,122.0000,0.0000,65.0000,117389999675,FALSE,TRUE,9,117389999675
231148086,9c28829c-77ef-4c5c-8ecb-1c97f3ee07f7,231148086,PRE_ORDER_TIPPING,Credit/Debit card,success,287.0000,0.0000,0.0000,117231089786,FALSE,TRUE,14,117231089786
231148086,9c28829c-77ef-4c5c-8ecb-1c97f3ee07f7,231148086,PRE_ORDER_TIPPING,Credit/Debit card,refund-initiated,156.0000,0.0000,0.0000,117230653053,FALSE,,7,117230653053
231148086,13bed429-3104-465d-92c4-bbc5a86aecf7,231148086,PRE_ORDER_TIPPING,Credit/Debit card,success,106.0000,0.0000,0.0000,116964252880,FALSE,TRUE,6,116964252880
231148086,113d7c4a-5591-4e99-8793-d896fc08f273,231148086,PRE_ORDER_TIPPING,Bank,success,72.0000,0.0000,0.0000,116847379533,FALSE,TRUE,4,116847379533
231148086,251ccb1d-a0f2-44a4-b375-6c7b03075ac6,231148086,PRE_ORDER_TIPPING,Credit/Debit card,success,243.0000,0.0000,0.0000,116789798008,FALSE,TRUE,13,116789798008
231148086,58c16b51-6ce0-48f6-94d9-9ab76549eded,231148086,PRE_ORDER_TIPPING,Bank,success,77.0000,0.0000,0.0000,116699214719,FALSE,TRUE,5,116699214719
231148086,84e61df2-72a2-42ee-a144-332bd961659c,231148086,PRE_ORDER_TIPPING,Credit/Debit card,success,99.0000,0.0000,0.0000,116693208966,FALSE,TRUE,0,116693208966
231148086,a3f994bb-7a4e-439d-8f86-718f858c00c4,231148086,PRE_ORDER_TIPPING,Bank,refund-initiated,99.0000,0.0000,0.0000,116690885396,FALSE,,0,116690885396
231148086,1db0ad3f-7639-4912-843e-7b2a77cd81a4,231148086,PRE_ORDER_TIPPING,Bank,success,270.0000,0.0000,0.0000,116096493554,FALSE,TRUE,15,116096493554
231148086,c48e82a3-2af8-42ff-bfd8-15f67f58d84c,231148086,PRE_ORDER_TIPPING,Bank,success,78.0000,0.0000,0.0000,115661347177,FALSE,TRUE,0,115661347177
231148086,056840bd-628f-4062-b069-4decedec2687,231148086,,Bank,success,108.0000,0.0000,0.0000,115570406981,FALSE,TRUE,6,115570406981
231148086,be3f64c7-1892-46b6-a05f-13b4133d2227,231148086,PRE_ORDER_TIPPING,Bank,success,85.0000,0.0000,0.0000,115063271046,FALSE,TRUE,0,115063271046
232958056,8eb75b02-f3fa-41a3-a437-192c619c2648,232958056,PRE_ORDER_TIPPING,Bank,success,102.0000,0.0000,0.0000,115049313748,FALSE,TRUE,0,115049313748
231716015,03fede55-8bf2-40a6-b3f4-44636195d812,231716015,PRE_ORDER_TIPPING,Bank,success,138.0000,0.0000,0.0000,114978647403,FALSE,TRUE,8,114978647403
231148086,5e3f007c-1a75-4c0f-aa3e-e8cdff98db3a,231148086,PRE_ORDER_TIPPING,Bank,success,195.0000,0.0000,0.0000,114809706653,FALSE,TRUE,0,114809706653
231148086,63aed36e-cb9a-49a3-a0e5-f15d610ff8ec,231148086,PRE_ORDER_TIPPING,Bank,success,335.0000,0.0000,0.0000,114774610891,FALSE,TRUE,18,114774610891
231148086,05fdaaa7-a6d1-4d17-9b8b-e7189b9d9ecd,231148086,PRE_ORDER_TIPPING,AmazonPay,success,489.0000,0.0000,0.0000,114718269226,FALSE,TRUE,15,114718269226
231148086,bd030fb4-acca-462f-b330-b1906334602e,231148086,PRE_ORDER_TIPPING,Bank,success,190.0000,10.0000,50.0000,114460809672,FALSE,TRUE,24,114460809672
231148086,d839158b-130e-4535-b225-12c54a315083,231148086,PRE_ORDER_TIPPING,AmazonPay,success,370.0000,0.0000,35.0000,114195794884,FALSE,TRUE,18,114195794884
222877432,dbb4ad8c-5343-4173-97b9-0a133211dd1d,222877432,PRE_ORDER_TIPPING,AmazonPay,refund-initiated,241.0000,0.0000,19.0000,110736705159,FALSE,,12,110736705159
222877432,58412b15-008f-499d-a1ee-c7224bf5bf89,222877432,PRE_ORDER_TIPPING,AmazonPay,success,99.0000,0.0000,24.0000,110623975905,FALSE,TRUE,0,110623975905
222593401,5f93954d-adc1-4932-95cb-5e13a70de835,222593401,PRE_ORDER_TIPPING,AmazonPay,success,319.0000,10.0000,19.0000,110478505005,FALSE,TRUE,12,110478505005
222877432,5d88e6c9-afca-4718-9ea7-ef082de572ea,222877432,PRE_ORDER_TIPPING,AmazonPay,success,239.0000,0.0000,19.0000,110389855933,FALSE,TRUE,0,110389855933
149673987,d04e98a1-13bb-4216-8604-b360564f1c10,149673987,,Bank,success,258.0000,0.0000,10.0000,60115004244,FALSE,TRUE,13,60115004244
244077929,96f65bf5-9ff1-499d-9502-091da6ccf173,244077929,PRE_ORDER_TIPPING,Bank,success,430.0000,0.0000,37.0000,119728412440,FALSE,TRUE,63,119728412440
242392648,d000c38b-93b3-4031-a4d3-f0983573ce58,242392648,PRE_ORDER_TIPPING,Bank,success,410.0000,0.0000,29.0000,119039251327,FALSE,TRUE,21,119039251327
224678744,8ce04dd3-d2d2-463b-bd6d-9bca5eebd1ff,224678744,PRE_ORDER_TIPPING,Cash,refund-initiated,102.0000,0.0000,29.0000,111312638722,FALSE,,5,111312638722
56378909,bc51e6a9-dc84-4b94-8d04-11335eed36e9,56378909,PRE_ORDER_TIPPING,Credit/Debit card,success,180.0000,0.0000,28.0000,126109286763,FALSE,TRUE,8,126109286763
56378909,eddb1c05-cd1f-4621-bec8-a32864129ed0,56378909,PRE_ORDER_TIPPING,Credit/Debit card,success,244.0000,0.0000,34.0000,125838038420,FALSE,TRUE,11,125838038420
56378909,2161911a-71cf-4497-bc4a-c6630771d0bc,56378909,PRE_ORDER_TIPPING,Credit/Debit card,success,760.0000,0.0000,34.0000,125324171520,TRUE,TRUE,84,125324171520
56378909,44f16e11-bb76-4fea-8367-752260633fbd,56378909,PRE_ORDER_TIPPING,Bank,refund-initiated,531.0000,0.0000,34.0000,125311047331,FALSE,,24,125311047331
56378909,5642189f-172f-4719-b4c3-a91fb3f1b3bf,56378909,PRE_ORDER_TIPPING,Credit/Debit card,success,514.0000,0.0000,28.0000,124975193569,FALSE,TRUE,77,124975193569
255879163,da94d08d-cec7-4d26-9187-a6081454b9b1,255879163,PRE_ORDER_TIPPING,Credit/Debit card,success,211.0000,0.0000,28.0000,124381709923,FALSE,TRUE,10,124381709923
56378909,43f159a0-27e4-42fd-8307-0d10f5ee8897,56378909,PRE_ORDER_TIPPING,Credit/Debit card,success,110.0000,0.0000,28.0000,121706467731,FALSE,TRUE,5,121706467731
56378909,5ecca43e-b3ce-4dcd-ab26-a84a4fc48d84,56378909,PRE_ORDER_TIPPING,Credit/Debit card,success,152.0000,0.0000,28.0000,121531399718,FALSE,TRUE,7,121531399718
56378909,a59f9be3-74b8-4174-9d9e-f883b3346015,56378909,PRE_ORDER_TIPPING,Credit/Debit card,success,271.0000,0.0000,28.0000,121342158540,FALSE,TRUE,13,121342158540
56378909,232ed647-827c-4230-985a-9034474168b6,56378909,PRE_ORDER_TIPPING,Credit/Debit card,success,286.0000,0.0000,38.0000,121272675125,FALSE,TRUE,12,121272675125
56378909,6c7eded9-4121-4862-b35d-0b19baa78dd6,56378909,PRE_ORDER_TIPPING,Bank,success,281.0000,0.0000,38.0000,121014646766,FALSE,TRUE,14,121014646766
56378909,c9a19e4f-af62-439e-9c59-c30793fbc772,56378909,PRE_ORDER_TIPPING,Bank,success,271.0000,0.0000,28.0000,120820929466,FALSE,TRUE,13,120820929466
56378909,af65f3c9-c32c-47ea-800f-20a3130d39d6,56378909,PRE_ORDER_TIPPING,Bank,success,215.0000,0.0000,28.0000,120753985139,FALSE,TRUE,9,120753985139
246426718,a7a2221c-4ba1-4bb1-8ed2-7fc549b61a3e,246426718,PRE_ORDER_TIPPING,Bank,success,159.0000,0.0000,24.0000,120714351853,FALSE,TRUE,8,120714351853
56378909,8096da80-f250-4854-8984-17a86892fe1f,56378909,PRE_ORDER_TIPPING,Credit/Debit card,success,211.0000,0.0000,28.0000,120408845302,FALSE,TRUE,10,120408845302
56378909,829a6527-a7c8-4f0b-9e91-52198fb555d0,56378909,PRE_ORDER_TIPPING,Credit/Debit card,success,211.0000,0.0000,28.0000,120142050920,FALSE,TRUE,0,120142050920
56378909,c54bc900-bba0-472a-a90b-b43f20206a10,56378909,PRE_ORDER_TIPPING,Credit/Debit card,success,124.0000,0.0000,28.0000,120129555803,FALSE,TRUE,6,120129555803
56378909,8096da80-f250-4854-8984-17a86892fe1f,56378909,PRE_ORDER_TIPPING,Credit/Debit card,success,249.0000,0.0000,28.0000,119430933926,FALSE,TRUE,13,119430933926
56378909,47cb39c9-90dc-4dd5-aafd-62c130d8d95a,56378909,PRE_ORDER_TIPPING,Credit/Debit card,success,545.0000,0.0000,28.0000,119025046206,FALSE,TRUE,26,119025046206
56378909,b20b7231-5b9b-4b2e-9422-bd88008beb70,56378909,PRE_ORDER_TIPPING,Credit/Debit card,success,234.0000,0.0000,28.0000,118678343206,FALSE,TRUE,0,118678343206
238597284,cda4c0f4-b9c1-472d-a196-c977726a4943,238597284,PRE_ORDER_TIPPING,Credit/Debit card,success,234.0000,0.0000,25.0000,117519569359,FALSE,TRUE,11,117519569359
56378909,e7583c22-8c4a-46b3-b531-7a3de35feaa4,56378909,PRE_ORDER_TIPPING,Bank,success,163.0000,0.0000,28.0000,116778597931,FALSE,TRUE,7,116778597931
236399781,e1f092cb-430a-42e8-8802-8d704039dd96,236399781,PRE_ORDER_TIPPING,Credit/Debit card,success,147.0000,0.0000,26.0000,116588686702,FALSE,TRUE,8,116588686702
56378909,d9dac219-d38c-4e63-92cb-f9abe57e9295,56378909,PRE_ORDER_TIPPING,Credit/Debit card,success,380.0000,0.0000,48.0000,116342219755,TRUE,TRUE,17,116342219755
56378909,90102fcc-88b3-4617-8c43-c62c00f608fe,56378909,PRE_ORDER_TIPPING,Bank,success,196.0000,0.0000,26.0000,115474876026,FALSE,TRUE,10,115474876026
56378909,82b84bd5-fce3-417b-add3-c56dc26fc1a9,56378909,PRE_ORDER_TIPPING,Credit/Debit card,success,176.0000,0.0000,26.0000,114939320351,FALSE,TRUE,10,114939320351
155423134,3877bda4-b778-4d83-9d65-d046f78f42d2,155423134,PRE_ORDER_TIPPING,Credit/Debit card,success,223.0000,0.0000,38.0000,114612444611,FALSE,TRUE,9,114612444611
56378909,3877bda4-b778-4d83-9d65-d046f78f42d2,56378909,PRE_ORDER_TIPPING,Credit/Debit card,success,176.0000,0.0000,40.0000,114447493982,FALSE,TRUE,7,114447493982
56378909,1f645dd5-8837-4df6-87d6-6a46b9e68488,56378909,PRE_ORDER_TIPPING,Credit/Debit card,success,319.0000,0.0000,38.0000,114441970293,FALSE,TRUE,14,114441970293
155423134,99b35a4a-ae2a-4d39-a8b6-c59cba495794,155423134,PRE_ORDER_TIPPING,Bank,success,118.0000,0.0000,38.0000,111674516203,FALSE,TRUE,5,111674516203
56378909,422c4153-493e-4ce9-b15b-6c673d149d46,56378909,PRE_ORDER_TIPPING,Credit/Debit card,success,200.0000,0.0000,40.0000,109259376269,FALSE,TRUE,7,109259376269
155423134,17227d60-c8f4-495f-a062-2acad8208dd4,155423134,PRE_ORDER_TIPPING,Credit/Debit card,success,506.0000,0.0000,28.0000,109006884612,FALSE,TRUE,25,109006884612
56378909,53294505-eaa5-4b86-a72a-8ca65890b949,56378909,PRE_ORDER_TIPPING,Credit/Debit card,success,248.0000,0.0000,67.0000,108918711712,FALSE,TRUE,10,108918711712
56378909,babd7fdf-e85f-4dff-a580-0a7805fe494a,56378909,PRE_ORDER_TIPPING,Credit/Debit card,success,522.0000,0.0000,55.0000,108311737004,TRUE,TRUE,26,108311737004
89815069,fb55ca0d-6bbf-4e6b-a6ac-5bcf60bf1a28,89815069,PRE_ORDER_TIPPING,Bank,success,704.0000,0.0000,26.0000,108222718051,FALSE,TRUE,32,108222718051
155423134,630d414b-6e49-43f6-96bb-13b09db460e0,155423134,PRE_ORDER_TIPPING,Bank,success,569.0000,0.0000,28.0000,108138156760,FALSE,TRUE,27,108138156760
155423134,6ae34062-3ba2-4e75-84ce-de4d4aad536b,155423134,PRE_ORDER_TIPPING,Credit/Debit card,success,269.0000,0.0000,48.0000,107158182704,FALSE,TRUE,34,107158182704
155423134,b2c8c35d-1dbc-4d27-b72f-d9fd92196c7c,155423134,PRE_ORDER_TIPPING,Credit/Debit card,success,177.0000,0.0000,49.0000,106930997127,FALSE,TRUE,8,106930997127
56378909,faff6e13-cbb7-41d6-8a0c-8addb5477a23,56378909,PRE_ORDER_TIPPING,Bank,success,186.0000,0.0000,38.0000,106041557545,FALSE,TRUE,7,106041557545
56378909,2c215f91-a382-4b04-bfad-14a48bf4f49c,56378909,PRE_ORDER_TIPPING,AmazonPay,success,582.0000,0.0000,26.0000,101740574844,TRUE,TRUE,26,101740574844
56378909,997f0f88-e483-4a4e-b09f-cc8014202d58,56378909,PRE_ORDER_TIPPING,Credit/Debit card,success,515.0000,0.0000,48.0000,101048530620,TRUE,TRUE,22,101048530620
56378909,8b1ae06a-b6ae-4645-a813-4b9c1851c142,56378909,PRE_ORDER_TIPPING,PhonePe,success,339.0000,0.0000,25.0000,98809096802,TRUE,TRUE,17,98809096802
201377076,63e57bae-0a15-40c5-9386-777a9c1590f0,201377076,PRE_ORDER_TIPPING,Bank,success,135.0000,0.0000,22.0000,98336244494,TRUE,TRUE,5,98336244494
56378909,5f2209e9-0499-4689-a83c-2f9a3d89d9e1,56378909,PRE_ORDER_TIPPING,PhonePe,success,328.0000,0.0000,23.0000,91265062150,TRUE,TRUE,0,91265062150
155423134,ed58e419-f4cb-4e79-973c-ac1847e8adc0,155423134,PRE_ORDER_TIPPING,PhonePe,success,459.0000,0.0000,25.0000,90080159707,TRUE,TRUE,22,90080159707
56378909,1395ac6d-a1db-4481-96f8-1e724da329fb,56378909,PRE_ORDER_TIPPING,PhonePe,success,505.0000,0.0000,28.0000,89220981418,TRUE,TRUE,23,89220981418
94734016,209b1773-7b3d-4f39-ba94-b1231ea858f6,94734016,PRE_ORDER_TIPPING,PhonePe,success,998.0000,0.0000,22.0000,88166404282,TRUE,,65,88166404282
56378909,5eaf7dfd-1e19-462f-9f7e-586d22c44526,56378909,PRE_ORDER_TIPPING,PhonePe,success,462.0000,0.0000,41.0000,84986706025,TRUE,TRUE,21,84986706025
56378909,29d58ea8-0d4e-4e31-9a64-e5dd366fd33d,56378909,PRE_ORDER_TIPPING,PhonePe,success,487.0000,0.0000,41.0000,84037924554,TRUE,TRUE,22,84037924554
56378909,b6218ea1-fd51-4dfe-bfba-5dae030d3894,56378909,PRE_ORDER_TIPPING,PhonePe,success,189.0000,0.0000,41.0000,83519262327,TRUE,TRUE,6,83519262327
56378909,c05dc490-b9b7-4460-85bc-cccf7ccc86d7,56378909,PRE_ORDER_TIPPING,Bank,refund-initiated,654.0000,0.0000,27.0000,78159768970,TRUE,,32,78159768970
56378909,ddb49f2e-dc7f-4c82-a357-bf48bd9bc7d3,56378909,,Credit/Debit card,success,633.0000,0.0000,0.0000,77555468665,TRUE,TRUE,31,77555468665
32824211,e90934c6-4b95-4929-88bd-3236e0e7cfa3,32824211,PRE_ORDER_TIPPING,Credit/Debit card,success,1439.0000,0.0000,52.0000,75139078162,TRUE,TRUE,76,75139078162
56378909,b3cdac31-ce3c-4240-8154-e603a36c159e,56378909,,Credit/Debit card,success,131.0000,0.0000,25.0000,67162001033,FALSE,TRUE,7,67162001033
56378909,66113225-1f61-40e1-b518-7047adbd3ac5,56378909,,Credit/Debit card,success,126.0000,0.0000,25.0000,67076177451,FALSE,TRUE,5,67076177451
56378909,7b75f3c8-26a6-4023-bcc3-3441429b24ed,56378909,,Credit/Debit card,success,202.0000,0.0000,22.0000,65170503882,FALSE,TRUE,10,65170503882
26849825,b4ce497a-9013-42c8-b0d7-afb431a3db3f,26849825,PRE_ORDER_TIPPING,AmazonPay,success,189.0000,0.0000,27.0000,125929659171,FALSE,TRUE,14,125929659171
26849825,32d04e3f-f15a-4ceb-a856-db97b7cf9838,26849825,PRE_ORDER_TIPPING,AmazonPay,success,146.0000,10.0000,26.0000,125329513333,FALSE,TRUE,5,125329513333
26849825,bb19af5c-ed1e-4532-8c4e-5044a2984138,26849825,PRE_ORDER_TIPPING,AmazonPay,success,301.0000,0.0000,26.0000,123434222183,FALSE,TRUE,18,123434222183
26849825,1002e110-2274-429d-ba3a-bc4c03969449,26849825,PRE_ORDER_TIPPING,AmazonPay,success,121.0000,0.0000,26.0000,122907401398,FALSE,TRUE,10,122907401398
26849825,7f15ab22-e0e7-4270-b509-04f3c004515e,26849825,PRE_ORDER_TIPPING,AmazonPay,success,168.0000,0.0000,26.0000,116871475078,FALSE,TRUE,7,116871475078
26849825,ff8a6c0d-f163-426f-b7c5-b69000fd20c4,26849825,PRE_ORDER_TIPPING,AmazonPay,success,160.0000,0.0000,26.0000,115714323488,FALSE,TRUE,0,115714323488
234254247,18833814-ee05-46a2-b091-ec6a3606f0a4,234254247,PRE_ORDER_TIPPING,AmazonPay,success,162.0000,0.0000,23.0000,115645939801,FALSE,TRUE,0,115645939801
26849825,eb1996d4-3eff-42ba-b730-f0167cba0d0b,26849825,PRE_ORDER_TIPPING,AmazonPay,success,253.0000,0.0000,26.0000,113147240715,FALSE,TRUE,0,113147240715
26849825,50e7c67f-a118-4dfc-b86d-9b56551c724e,26849825,PRE_ORDER_TIPPING,AmazonPay,success,96.0000,0.0000,26.0000,112707918889,FALSE,TRUE,0,112707918889
26849825,564fff58-9928-4877-99cb-f846f91bb7ce,26849825,PRE_ORDER_TIPPING,AmazonPay,success,108.0000,0.0000,26.0000,112460882097,FALSE,TRUE,6,112460882097
26849825,29cf3f87-b52f-4950-95da-0348792a8ca7,26849825,PRE_ORDER_TIPPING,AmazonPay,success,154.0000,0.0000,26.0000,112200920446,FALSE,TRUE,8,112200920446
26849825,03bfb656-69bf-4477-b72e-19a60af32c48,26849825,PRE_ORDER_TIPPING,AmazonPay,success,159.0000,0.0000,31.0000,112030750201,FALSE,TRUE,8,112030750201
26849825,49e55d91-353c-4b8d-949e-98126dc3eee6,26849825,PRE_ORDER_TIPPING,Credit/Debit card,success,475.0000,0.0000,49.0000,110560742146,FALSE,TRUE,27,110560742146
26849825,a76b086d-88d0-4c20-9de6-bff47f33ff00,26849825,PRE_ORDER_TIPPING,AmazonPay,success,251.0000,0.0000,26.0000,110037806757,FALSE,TRUE,18,110037806757
26849825,dda4ee6d-9ba8-4c78-8eca-d4fa18913ad3,26849825,PRE_ORDER_TIPPING,AmazonPay,success,198.0000,0.0000,30.0000,88952099449,TRUE,TRUE,11,88952099449
26849825,3bc38685-68be-4242-8b9c-e5cdfcd33e2e,26849825,,Credit/Debit card,success,139.0000,0.0000,20.0000,61051088645,FALSE,TRUE,7,61051088645
26849825,c116392b-996f-4802-9e98-63d21da3ce72,26849825,,AmazonPay,success,184.0000,0.0000,20.0000,54831457052,FALSE,TRUE,13,54831457052
236756055,f42c6ed1-1f35-4e00-9cd9-8586131de79d,236756055,PRE_ORDER_TIPPING,AmazonPay,success,155.0000,0.0000,36.0000,126828577541,FALSE,TRUE,7,126828577541
236756055,66a7f49d-d597-4bd6-add0-f5220429c475,236756055,PRE_ORDER_TIPPING,AmazonPay,success,101.0000,0.0000,29.0000,126427774736,FALSE,TRUE,5,126427774736
236756055,66a7f49d-d597-4bd6-add0-f5220429c475,236756055,PRE_ORDER_TIPPING,AmazonPay,success,99.0000,0.0000,27.0000,125572966427,FALSE,TRUE,5,125572966427
236756055,66a7f49d-d597-4bd6-add0-f5220429c475,236756055,PRE_ORDER_TIPPING,AmazonPay,refund-initiated,98.0000,0.0000,26.0000,125143543295,FALSE,,5,125143543295
236756055,280ebc1e-9fac-4485-8a5e-50cdb84e5a6e,236756055,PRE_ORDER_TIPPING,AmazonPay,success,144.0000,0.0000,36.0000,121204653395,FALSE,TRUE,6,121204653395
236756055,dd33f3ae-9cb4-463b-a9d3-be7a77a14a5e,236756055,PRE_ORDER_TIPPING,AmazonPay,refund-initiated,121.0000,0.0000,32.0000,120392185822,FALSE,,5,120392185822
236756055,0ade6901-af2a-4e71-ae0f-807c4150e967,236756055,PRE_ORDER_TIPPING,Bank,success,114.0000,0.0000,26.0000,118059393783,FALSE,TRUE,5,118059393783
236756055,0ade6901-af2a-4e71-ae0f-807c4150e967,236756055,PRE_ORDER_TIPPING,Bank,success,98.0000,0.0000,26.0000,117195232180,FALSE,TRUE,4,117195232180
236756055,0ade6901-af2a-4e71-ae0f-807c4150e967,236756055,PRE_ORDER_TIPPING,AmazonPay,success,114.0000,0.0000,26.0000,117109197869,FALSE,TRUE,5,117109197869
236756055,0ade6901-af2a-4e71-ae0f-807c4150e967,236756055,PRE_ORDER_TIPPING,AmazonPay,success,102.0000,0.0000,26.0000,116760242587,FALSE,TRUE,5,116760242587
199428396,5b23451f-d634-4416-8fff-e86cc0f25c74,199428396,PRE_ORDER_TIPPING,Bank,success,102.0000,0.0000,26.0000,115800086117,FALSE,TRUE,5,115800086117
199428396,0aa9e2fc-3c86-41a3-8a97-ee45715dfdc4,199428396,PRE_ORDER_TIPPING,Bank,success,125.0000,0.0000,26.0000,115035338459,FALSE,TRUE,6,115035338459
199428396,8181e93a-ca34-4c3d-abab-01777f795bba,199428396,PRE_ORDER_TIPPING,Bank,success,49.0000,0.0000,41.0000,98361715946,TRUE,TRUE,4,98361715946
199428396,6d9da159-8172-4324-9604-fd8c830c35a0,199428396,PRE_ORDER_TIPPING,Bank,success,121.0000,0.0000,26.0000,98181749565,TRUE,TRUE,6,98181749565
152467042,3113b842-3b86-44be-bdd5-e0062abed985,152467042,PRE_ORDER_TIPPING,Bank,success,136.0000,0.0000,36.0000,96318795412,TRUE,TRUE,0,96318795412
33365767,eb635799-9cc0-44bf-90a0-b89bc753b2ad,33365767,,AmazonPay,success,195.0000,0.0000,30.0000,86541040872,TRUE,TRUE,8,86541040872
33365767,eb635799-9cc0-44bf-90a0-b89bc753b2ad,33365767,,Credit/Debit card,success,159.0000,0.0000,30.0000,86370321095,TRUE,TRUE,6,86370321095
33365767,7d3545be-4112-440d-8ed0-0163606a6896,33365767,,Credit/Debit card,success,162.0000,0.0000,0.0000,62864196269,FALSE,TRUE,9,62864196269
152467042,a5edba23-9ce4-4637-944e-d528eb9131f2,152467042,,Bank,success,111.0000,0.0000,0.0000,62708109953,FALSE,TRUE,6,62708109953
152467042,0bb6f1e2-b870-495c-8438-a89b296b9a8c,152467042,,Cash,success,137.0000,0.0000,0.0000,62605404666,FALSE,TRUE,7,62605404666
33365767,b3a396d0-dbf3-4f4d-86d3-8368ad0fcb29,33365767,,Credit/Debit card,success,125.0000,0.0000,0.0000,62518100998,FALSE,TRUE,0,62518100998
33365767,b3a396d0-dbf3-4f4d-86d3-8368ad0fcb29,33365767,,Credit/Debit card,success,97.0000,0.0000,0.0000,62350754864,FALSE,TRUE,0,62350754864
33365767,969bf00a-51e6-48a4-983b-8e0b390a681c,33365767,,AmazonPay,success,118.0000,0.0000,0.0000,61917513572,FALSE,TRUE,0,61917513572
33365767,4b69fa58-b65e-4543-9bbf-b9119746c259,33365767,,Credit/Debit card,success,102.0000,0.0000,0.0000,61830750431,FALSE,TRUE,0,61830750431
33365767,7b29aaa0-0ea0-488f-82ae-26614822e8c7,33365767,,Credit/Debit card,success,117.0000,0.0000,0.0000,61742858959,FALSE,TRUE,0,61742858959
199428396,6d9da159-8172-4324-9604-fd8c830c35a0,199428396,PRE_ORDER_TIPPING,PhonePe,success,146.0000,0.0000,26.0000,97415810830,TRUE,TRUE,7,97415810830
199428396,cfb3073e-3ddd-447f-81d7-24d2d28ec1b9,199428396,PRE_ORDER_TIPPING,PhonePe,success,146.0000,0.0000,26.0000,96974581303,TRUE,TRUE,7,96974581303
152467042,ba8f9f97-aa83-45df-a837-803609cd4fbb,152467042,,PhonePe,success,111.0000,0.0000,0.0000,61070715744,FALSE,TRUE,6,61070715744
33365767,ad977957-10eb-4b63-9a35-4ca6493547f5,33365767,,AmazonPay,success,210.0000,0.0000,0.0000,60970389459,FALSE,TRUE,15,60970389459
33365767,0d918252-4287-4567-8f63-79b0c58f46aa,33365767,,Credit/Debit card,success,105.0000,0.0000,0.0000,60580826261,FALSE,TRUE,5,60580826261
33365767,32ca7e12-15b7-46a9-b1de-6fc98ea8ca5b,33365767,,Credit/Debit card,success,93.0000,0.0000,0.0000,60446707288,FALSE,TRUE,4,60446707288
65429261,fdb174ff-8768-4947-a687-e4a25c7ff370,65429261,,AmazonPay,success,115.0000,0.0000,20.0000,56303325445,FALSE,TRUE,6,56303325445
3306448,68f3a003-f45a-474a-8802-fc15b1da0b0b,3306448,PRE_ORDER_TIPPING,Credit/Debit card,refund-initiated,336.0000,0.0000,0.0000,126549430450,FALSE,,52,126549430450
3306448,9d5dad92-ac18-40b9-95a1-99b567aa67d5,3306448,PRE_ORDER_TIPPING,Credit/Debit card,success,201.0000,0.0000,0.0000,125940270618,FALSE,TRUE,10,125940270618
226363309,ace2c646-211e-484a-b426-23c32d17d694,226363309,PRE_ORDER_TIPPING,PhonePe,success,94.0000,0.0000,21.0000,112344906206,FALSE,TRUE,0,112344906206
226362833,77021d61-b4f6-49b6-9fd9-910987b11b26,226362833,PRE_ORDER_TIPPING,Cash,success,145.0000,0.0000,26.0000,112084260175,FALSE,TRUE,0,112084260175
164952370,38c17a18-10ce-46eb-b9b4-238356dea611,164952370,,Credit/Debit card,refund-initiated,229.0000,0.0000,0.0000,121443518508,FALSE,,11,121443518508
164952370,a48b3837-a360-4770-8d1f-fb31b3b746a0,164952370,PRE_ORDER_TIPPING,Credit/Debit card,success,104.0000,0.0000,34.0000,93453694820,TRUE,TRUE,4,93453694820
164952370,13ae89d2-f074-4a7e-b452-c2397f01e864,164952370,,Credit/Debit card,success,171.0000,10.0000,32.0000,92585031960,TRUE,TRUE,7,92585031960
164952370,ea0cf51f-8460-4f89-a6a8-b21dd8f5be9a,164952370,PRE_ORDER_TIPPING,Credit/Debit card,success,104.0000,0.0000,34.0000,92388835888,TRUE,TRUE,4,92388835888
164952370,af770ee5-25b4-4c89-bfbb-dd1978364fa8,164952370,PRE_ORDER_TIPPING,Credit/Debit card,success,104.0000,0.0000,34.0000,92303044530,TRUE,TRUE,4,92303044530
164952370,69694b3c-b535-4bc2-a757-044efab91dbb,164952370,PRE_ORDER_TIPPING,Credit/Debit card,success,186.0000,0.0000,34.0000,92158776512,TRUE,TRUE,8,92158776512
164952370,619f68b2-cbe5-45f1-84a9-8953671dad8d,164952370,,Credit/Debit card,success,119.0000,0.0000,34.0000,92041621638,TRUE,TRUE,5,92041621638
191741301,c839bea3-9033-4c21-bf8b-3466a8947090,191741301,,Credit/Debit card,success,175.0000,10.0000,34.0000,91899336299,TRUE,TRUE,7,91899336299
239351347,3bc69173-f213-416a-8307-937ab54a081b,239351347,PRE_ORDER_TIPPING,Credit/Debit card,success,180.0000,0.0000,26.0000,125075214716,TRUE,TRUE,11,125075214716
239351347,286d2a53-8b6e-4229-bb4f-84a4ad424430,239351347,PRE_ORDER_TIPPING,Credit/Debit card,success,227.0000,0.0000,26.0000,124296798958,TRUE,TRUE,14,124296798958
239351347,286d2a53-8b6e-4229-bb4f-84a4ad424430,239351347,,Credit/Debit card,success,273.0000,15.0000,26.0000,123607362012,TRUE,TRUE,0,123607362012
122658738,dfb67617-ac09-4b6c-a953-168b401cd136,122658738,PRE_ORDER_TIPPING,Bank,success,159.0000,0.0000,31.0000,123259539749,FALSE,TRUE,8,123259539749
122658738,52664f26-ae99-49fe-a33e-a3ab5f904475,122658738,PRE_ORDER_TIPPING,Credit/Debit card,success,725.0000,0.0000,31.0000,123259038182,TRUE,TRUE,39,123259038182
122658738,6863aece-d8cc-4788-a1f1-9ef92133d56d,122658738,PRE_ORDER_TIPPING,Cash,success,246.0000,0.0000,26.0000,122393778537,FALSE,TRUE,0,122393778537
239351347,5740375d-840b-4308-aa49-6d0dffcb68c0,239351347,PRE_ORDER_TIPPING,Bank,success,171.0000,0.0000,31.0000,121012599888,FALSE,TRUE,0,121012599888
239351347,f4e9373a-4f9a-48ff-be7e-dc3722cd75a9,239351347,PRE_ORDER_TIPPING,Bank,success,127.0000,0.0000,31.0000,119802669755,FALSE,TRUE,6,119802669755
239351347,f711d478-1f91-4b73-9397-5700cab57c8c,239351347,PRE_ORDER_TIPPING,AmazonPay,success,246.0000,0.0000,26.0000,117816261900,FALSE,TRUE,0,117816261900
52249644,648aa56a-395b-470e-ac5e-e3a77c8db264,52249644,PRE_ORDER_TIPPING,Cash,success,139.0000,0.0000,31.0000,116610137698,FALSE,TRUE,8,116610137698
169530622,cd18032d-e1c5-439a-bcad-b32ea58cf8c6,169530622,PRE_ORDER_TIPPING,Bank,success,129.0000,0.0000,49.0000,120384129271,FALSE,TRUE,5,120384129271
169530622,fb623845-a8cf-4bf7-aa7d-2122c9e03fed,169530622,,Credit/Debit card,success,372.0000,0.0000,0.0000,116765717616,FALSE,TRUE,20,116765717616
206670996,d9dac219-d38c-4e63-92cb-f9abe57e9295,206670996,,Credit/Debit card,success,402.0000,0.0000,0.0000,116699815648,TRUE,TRUE,20,116699815648
205033214,088c6f8f-311c-4403-ab6d-3896c23b0ec9,205033214,PRE_ORDER_TIPPING,Bank,success,213.0000,0.0000,18.0000,100796405044,TRUE,TRUE,0,100796405044
182217283,dcfbce7e-5d18-4dae-9269-f776072e7cea,182217283,PRE_ORDER_TIPPING,Credit/Debit card,success,158.0000,0.0000,18.0000,85334730899,TRUE,TRUE,0,85334730899
256516444,b40d07ee-55f0-428f-8bea-5b203a114a30,256516444,PRE_ORDER_TIPPING,Bank,success,143.0000,0.0000,19.0000,124643343951,FALSE,TRUE,9,124643343951
241794167,5a9f6ffa-a381-426d-8eba-350eb5f490bc,241794167,PRE_ORDER_TIPPING,Cash,success,206.0000,0.0000,23.0000,118823389614,FALSE,TRUE,8,118823389614
67104704,bb421b37-f199-4369-9c9b-5dcbe7916bb8,67104704,PRE_ORDER_TIPPING,Credit/Debit card,success,305.0000,0.0000,45.0000,97526710653,TRUE,TRUE,17,97526710653
67104704,aabb34df-d541-459e-8ac8-c52350c869b2,67104704,PRE_ORDER_TIPPING,Credit/Debit card,success,221.0000,15.0000,30.0000,96394374304,TRUE,TRUE,8,96394374304
143170267,51e60993-234a-4571-8486-d1650c39cc92,143170267,,PhonePe,success,293.0000,0.0000,10.0000,57661403432,FALSE,TRUE,14,57661403432
237576496,465bc164-4c7c-4f5f-81a5-a4568f423e58,237576496,PRE_ORDER_TIPPING,PhonePe,success,117.0000,0.0000,26.0000,117102487508,FALSE,TRUE,5,117102487508
56378909,7146fc95-f5dc-420c-8e5a-e528ee881fa2,56378909,PRE_ORDER_TIPPING,PhonePe,success,328.0000,0.0000,28.0000,116173959197,FALSE,TRUE,16,116173959197
201377587,63e57bae-0a15-40c5-9386-777a9c1590f0,201377587,PRE_ORDER_TIPPING,PhonePe,success,146.0000,0.0000,22.0000,98262453796,TRUE,TRUE,0,98262453796
56378909,a3ddf932-ec5c-4414-b690-971b5a2d1980,56378909,PRE_ORDER_TIPPING,PhonePe,success,269.0000,0.0000,25.0000,87749900571,TRUE,TRUE,16,87749900571
253072989,38782773-78bb-44b9-9d26-33835bafa58b,253072989,PRE_ORDER_TIPPING,PhonePe,success,137.0000,0.0000,24.0000,123515973842,FALSE,TRUE,5,123515973842
199428396,6d9da159-8172-4324-9604-fd8c830c35a0,199428396,PRE_ORDER_TIPPING,PhonePe,success,121.0000,0.0000,26.0000,97582142019,TRUE,TRUE,6,97582142019
67104704,00457cd9-0030-485f-83ab-f0ad4aaefd36,67104704,,PhonePe,success,273.0000,0.0000,25.0000,56475064629,FALSE,TRUE,13,56475064629
117661319,d0d7e275-b106-4e01-a584-638aa6c6be48,117661319,,Bank,success,245.0000,0.0000,45.0000,55322225242,FALSE,TRUE,0,55322225242
219814134,0c7d8e1c-0920-4c4f-aaae-c7f6e00b888c,219814134,PRE_ORDER_TIPPING,Cash,success,169.0000,0.0000,30.0000,111946661980,FALSE,TRUE,0,111946661980
219814134,4636fb4c-9c95-45d3-b446-a6c1210f89a8,219814134,PRE_ORDER_TIPPING,Cash,success,136.0000,0.0000,30.0000,110129017550,FALSE,TRUE,0,110129017550
219814134,28d4cc04-36b7-456c-b492-ed69c47f03ea,219814134,PRE_ORDER_TIPPING,Cash,success,125.0000,0.0000,45.0000,108881424110,FALSE,TRUE,0,108881424110
214771302,f479bc71-ac76-48ba-abaf-65c169a81d6d,214771302,PRE_ORDER_TIPPING,Cash,success,166.0000,0.0000,23.0000,106298081186,FALSE,TRUE,8,106298081186
195580939,1d7a206d-d1b1-4ab6-a556-e9948db6a68d,195580939,PRE_ORDER_TIPPING,Cash,refund-initiated,313.0000,0.0000,18.0000,94389310745,TRUE,,0,94389310745
13175913,41ae9c72-25f0-4120-b871-25a5693db415,13175913,PRE_ORDER_TIPPING,Bank,success,191.0000,0.0000,31.0000,109177036655,FALSE,TRUE,10,109177036655
105528627,c5e41f00-2eb1-4324-9b63-9391d717916f,105528627,,Bank,success,201.0000,0.0000,25.0000,59813690952,FALSE,TRUE,10,59813690952
105528627,65df5a2d-7da8-4204-ab7b-e2df91a6a271,105528627,,Bank,success,272.0000,0.0000,25.0000,53947865854,FALSE,TRUE,17,53947865854
237658375,75b81b99-5858-40ba-96b8-96abc3f6abfb,237658375,PRE_ORDER_TIPPING,Bank,success,114.0000,0.0000,19.0000,127401456210,FALSE,TRUE,5,127401456210
237658375,75b81b99-5858-40ba-96b8-96abc3f6abfb,237658375,PRE_ORDER_TIPPING,Bank,success,93.0000,0.0000,19.0000,127317172852,FALSE,TRUE,4,127317172852
237658375,ac550a70-83d6-42ae-95a2-4317cc281cf2,237658375,PRE_ORDER_TIPPING,Bank,refund-initiated,89.0000,0.0000,19.0000,127217258154,FALSE,,4,127217258154
237658375,c66d777e-9c58-4306-9bf5-8d81c6c71daa,237658375,PRE_ORDER_TIPPING,Bank,success,85.0000,0.0000,19.0000,127065040993,FALSE,TRUE,4,127065040993
237658375,75b81b99-5858-40ba-96b8-96abc3f6abfb,237658375,PRE_ORDER_TIPPING,Bank,success,87.0000,0.0000,19.0000,126881102588,FALSE,TRUE,3,126881102588
237658375,75b81b99-5858-40ba-96b8-96abc3f6abfb,237658375,PRE_ORDER_TIPPING,Bank,success,114.0000,0.0000,19.0000,126809434410,FALSE,TRUE,5,126809434410
237658375,1a1a584a-b2c6-461c-9688-608b72d3752f,237658375,PRE_ORDER_TIPPING,Bank,success,91.0000,0.0000,19.0000,126769176676,FALSE,TRUE,4,126769176676
237658375,5c8db214-00d9-4667-8e83-ff8c11969a27,237658375,PRE_ORDER_TIPPING,Bank,success,83.0000,0.0000,19.0000,126621523454,FALSE,TRUE,4,126621523454
237658375,5c8db214-00d9-4667-8e83-ff8c11969a27,237658375,PRE_ORDER_TIPPING,Bank,success,79.0000,0.0000,19.0000,126538381810,FALSE,TRUE,4,126538381810
237658375,5c8db214-00d9-4667-8e83-ff8c11969a27,237658375,PRE_ORDER_TIPPING,Bank,success,79.0000,0.0000,19.0000,126364290550,FALSE,TRUE,4,126364290550
237658375,5c8db214-00d9-4667-8e83-ff8c11969a27,237658375,PRE_ORDER_TIPPING,Bank,success,74.0000,0.0000,19.0000,126291172987,FALSE,TRUE,3,126291172987
237658375,5c8db214-00d9-4667-8e83-ff8c11969a27,237658375,PRE_ORDER_TIPPING,Bank,success,83.0000,0.0000,19.0000,126192580057,FALSE,TRUE,4,126192580057
237658375,5c8db214-00d9-4667-8e83-ff8c11969a27,237658375,PRE_ORDER_TIPPING,Bank,success,96.0000,0.0000,19.0000,126106364663,FALSE,TRUE,5,126106364663
237658375,faaa6a87-b613-4f3b-820c-4cbc93662187,237658375,PRE_ORDER_TIPPING,Bank,success,96.0000,0.0000,19.0000,125860015811,FALSE,TRUE,5,125860015811
237658375,5c8db214-00d9-4667-8e83-ff8c11969a27,237658375,PRE_ORDER_TIPPING,Bank,success,79.0000,0.0000,19.0000,125844081480,FALSE,TRUE,4,125844081480
237658375,5c8db214-00d9-4667-8e83-ff8c11969a27,237658375,PRE_ORDER_TIPPING,Bank,success,87.0000,0.0000,19.0000,125774998141,FALSE,TRUE,4,125774998141
237658375,f92d7f1e-390d-4e23-bdff-b38e5ee1297e,237658375,PRE_ORDER_TIPPING,Bank,success,79.0000,0.0000,19.0000,125587511481,FALSE,TRUE,4,125587511481
237658375,f92d7f1e-390d-4e23-bdff-b38e5ee1297e,237658375,PRE_ORDER_TIPPING,Bank,success,96.0000,0.0000,19.0000,125512242675,FALSE,TRUE,5,125512242675
237658375,916d1698-a0f8-49b1-a14e-de30bd42fc75,237658375,PRE_ORDER_TIPPING,Bank,success,103.0000,0.0000,19.0000,125498776685,FALSE,TRUE,5,125498776685
237658375,92cd5564-2047-4971-a302-52d84cd4cef1,237658375,PRE_ORDER_TIPPING,Bank,success,83.0000,0.0000,19.0000,124379416308,FALSE,TRUE,4,124379416308
237658375,6c8deec0-4794-4f58-8b34-4d62d3f5cd74,237658375,PRE_ORDER_TIPPING,Bank,success,79.0000,0.0000,19.0000,124298858275,FALSE,TRUE,4,124298858275
237658375,6c8deec0-4794-4f58-8b34-4d62d3f5cd74,237658375,PRE_ORDER_TIPPING,Bank,success,96.0000,0.0000,19.0000,124117019337,FALSE,TRUE,5,124117019337
237658375,890934e0-338a-4b29-ae0b-d77eabc48f51,237658375,PRE_ORDER_TIPPING,Bank,success,106.0000,0.0000,19.0000,124091479435,FALSE,TRUE,5,124091479435
237658375,6c8deec0-4794-4f58-8b34-4d62d3f5cd74,237658375,PRE_ORDER_TIPPING,Bank,success,83.0000,0.0000,19.0000,123952100565,FALSE,TRUE,0,123952100565
237658375,6c8deec0-4794-4f58-8b34-4d62d3f5cd74,237658375,PRE_ORDER_TIPPING,Bank,success,75.0000,0.0000,19.0000,123867860569,FALSE,TRUE,0,123867860569
237658375,92cd5564-2047-4971-a302-52d84cd4cef1,237658375,PRE_ORDER_TIPPING,Bank,success,79.0000,0.0000,19.0000,123786220076,FALSE,TRUE,0,123786220076
237658375,1badce64-b975-48ab-9420-a5965966b648,237658375,PRE_ORDER_TIPPING,Bank,success,171.0000,0.0000,34.0000,123684078448,FALSE,TRUE,0,123684078448
237658375,92cd5564-2047-4971-a302-52d84cd4cef1,237658375,PRE_ORDER_TIPPING,Bank,success,79.0000,0.0000,19.0000,123603229345,FALSE,TRUE,0,123603229345
237658375,58c5b17a-7667-4fcd-a18a-c1517e340ddd,237658375,PRE_ORDER_TIPPING,Bank,success,156.0000,0.0000,19.0000,123583792733,FALSE,TRUE,0,123583792733
237658375,a5160917-f4db-4a70-8ee2-fd763426a3d9,237658375,PRE_ORDER_TIPPING,Bank,success,138.0000,0.0000,19.0000,123514862264,FALSE,TRUE,0,123514862264
237658375,7bc543ca-2d41-488d-99e9-8d047c7da160,237658375,PRE_ORDER_TIPPING,Bank,success,194.0000,0.0000,19.0000,123431069500,FALSE,TRUE,0,123431069500
237658375,1badce64-b975-48ab-9420-a5965966b648,237658375,PRE_ORDER_TIPPING,Bank,success,132.0000,0.0000,34.0000,123337919557,FALSE,TRUE,0,123337919557
237658375,6c8deec0-4794-4f58-8b34-4d62d3f5cd74,237658375,PRE_ORDER_TIPPING,Bank,success,71.0000,0.0000,19.0000,123253273493,FALSE,TRUE,0,123253273493
237658375,1badce64-b975-48ab-9420-a5965966b648,237658375,PRE_ORDER_TIPPING,Bank,success,132.0000,0.0000,34.0000,122968306928,FALSE,TRUE,0,122968306928
237658375,6c8deec0-4794-4f58-8b34-4d62d3f5cd74,237658375,PRE_ORDER_TIPPING,Bank,success,75.0000,0.0000,19.0000,122914643944,FALSE,TRUE,0,122914643944
237658375,6c8deec0-4794-4f58-8b34-4d62d3f5cd74,237658375,PRE_ORDER_TIPPING,Bank,success,75.0000,0.0000,19.0000,122712021950,FALSE,TRUE,0,122712021950
237658375,6c8deec0-4794-4f58-8b34-4d62d3f5cd74,237658375,PRE_ORDER_TIPPING,Bank,success,75.0000,0.0000,19.0000,122663275365,FALSE,TRUE,0,122663275365
237658375,92cd5564-2047-4971-a302-52d84cd4cef1,237658375,PRE_ORDER_TIPPING,Bank,success,83.0000,0.0000,19.0000,122574197301,FALSE,TRUE,0,122574197301
237658375,6c8deec0-4794-4f58-8b34-4d62d3f5cd74,237658375,PRE_ORDER_TIPPING,Bank,success,71.0000,0.0000,19.0000,122488070215,FALSE,TRUE,0,122488070215
237658375,9dcb5875-d8c3-451b-9ac1-4386276db719,237658375,PRE_ORDER_TIPPING,Bank,success,94.0000,0.0000,34.0000,122445846338,FALSE,TRUE,0,122445846338
237658375,cd5c616f-d226-4d81-b7f3-04e179e34fce,237658375,PRE_ORDER_TIPPING,Bank,success,156.0000,0.0000,19.0000,122388586288,FALSE,TRUE,7,122388586288
237658375,6c8deec0-4794-4f58-8b34-4d62d3f5cd74,237658375,PRE_ORDER_TIPPING,Bank,success,95.0000,0.0000,19.0000,122366598422,FALSE,TRUE,0,122366598422
237658375,6c8deec0-4794-4f58-8b34-4d62d3f5cd74,237658375,PRE_ORDER_TIPPING,Bank,success,71.0000,0.0000,19.0000,122228866271,FALSE,TRUE,0,122228866271
237658375,6c8deec0-4794-4f58-8b34-4d62d3f5cd74,237658375,PRE_ORDER_TIPPING,Bank,success,79.0000,0.0000,19.0000,122142803878,FALSE,TRUE,0,122142803878
237658375,9dcb5875-d8c3-451b-9ac1-4386276db719,237658375,PRE_ORDER_TIPPING,Bank,success,82.0000,0.0000,24.0000,122099960647,FALSE,TRUE,0,122099960647
237658375,6c8deec0-4794-4f58-8b34-4d62d3f5cd74,237658375,PRE_ORDER_TIPPING,Bank,success,75.0000,0.0000,19.0000,122023636246,FALSE,TRUE,0,122023636246
237658375,6c8deec0-4794-4f58-8b34-4d62d3f5cd74,237658375,PRE_ORDER_TIPPING,Bank,success,75.0000,0.0000,19.0000,121871194890,FALSE,TRUE,0,121871194890
237658375,9bd86431-da5c-4d2b-b057-8fc9be1bb09b,237658375,PRE_ORDER_TIPPING,Bank,success,79.0000,0.0000,19.0000,121695095856,FALSE,TRUE,0,121695095856
237658375,cb84bae2-937c-4076-80ce-4a54f7f3cb30,237658375,PRE_ORDER_TIPPING,Bank,success,199.0000,0.0000,24.0000,121627055409,FALSE,TRUE,0,121627055409
237658375,cd5c616f-d226-4d81-b7f3-04e179e34fce,237658375,PRE_ORDER_TIPPING,Bank,success,113.0000,0.0000,19.0000,121613352435,FALSE,TRUE,5,121613352435
237658375,6c8deec0-4794-4f58-8b34-4d62d3f5cd74,237658375,PRE_ORDER_TIPPING,Bank,success,75.0000,0.0000,19.0000,121524877137,FALSE,TRUE,0,121524877137
237658375,6c8deec0-4794-4f58-8b34-4d62d3f5cd74,237658375,PRE_ORDER_TIPPING,Bank,success,75.0000,0.0000,19.0000,121437516768,FALSE,TRUE,0,121437516768
237658375,6c8deec0-4794-4f58-8b34-4d62d3f5cd74,237658375,PRE_ORDER_TIPPING,Bank,success,75.0000,0.0000,19.0000,121357624326,FALSE,TRUE,0,121357624326
237658375,6c8deec0-4794-4f58-8b34-4d62d3f5cd74,237658375,PRE_ORDER_TIPPING,Bank,success,71.0000,0.0000,19.0000,121268113373,FALSE,TRUE,0,121268113373
237658375,6c8deec0-4794-4f58-8b34-4d62d3f5cd74,237658375,PRE_ORDER_TIPPING,Bank,success,75.0000,0.0000,19.0000,121178355170,FALSE,TRUE,0,121178355170
237658375,6c8deec0-4794-4f58-8b34-4d62d3f5cd74,237658375,PRE_ORDER_TIPPING,Bank,success,75.0000,0.0000,19.0000,121093700643,FALSE,TRUE,0,121093700643
237658375,59d09e18-bbbc-42e5-a07d-38618756456d,237658375,PRE_ORDER_TIPPING,Bank,success,102.0000,0.0000,24.0000,121015145725,FALSE,TRUE,0,121015145725
237658375,6c8deec0-4794-4f58-8b34-4d62d3f5cd74,237658375,PRE_ORDER_TIPPING,Bank,success,79.0000,0.0000,19.0000,120836747907,FALSE,TRUE,0,120836747907
237658375,6c8deec0-4794-4f58-8b34-4d62d3f5cd74,237658375,PRE_ORDER_TIPPING,Bank,success,75.0000,0.0000,19.0000,120662963474,FALSE,TRUE,0,120662963474
237658375,6c8deec0-4794-4f58-8b34-4d62d3f5cd74,237658375,PRE_ORDER_TIPPING,Bank,success,75.0000,0.0000,19.0000,120490773153,FALSE,TRUE,0,120490773153
237658375,cd5c616f-d226-4d81-b7f3-04e179e34fce,237658375,PRE_ORDER_TIPPING,Bank,success,113.0000,0.0000,19.0000,120385647491,FALSE,TRUE,5,120385647491
237658375,6c8deec0-4794-4f58-8b34-4d62d3f5cd74,237658375,PRE_ORDER_TIPPING,Bank,success,95.0000,0.0000,19.0000,120144848877,FALSE,TRUE,0,120144848877
237658375,a5160917-f4db-4a70-8ee2-fd763426a3d9,237658375,PRE_ORDER_TIPPING,Bank,success,104.0000,0.0000,19.0000,120060692628,FALSE,TRUE,0,120060692628
237658375,374ef8c1-49e3-4bd8-89eb-457e521de6d8,237658375,PRE_ORDER_TIPPING,Bank,success,169.0000,0.0000,9.0000,119882143049,FALSE,TRUE,0,119882143049
237658375,6c8deec0-4794-4f58-8b34-4d62d3f5cd74,237658375,PRE_ORDER_TIPPING,Bank,success,99.0000,0.0000,9.0000,118503296509,FALSE,TRUE,0,118503296509
237658375,6c8deec0-4794-4f58-8b34-4d62d3f5cd74,237658375,PRE_ORDER_TIPPING,Bank,success,60.0000,0.0000,0.0000,118414037989,FALSE,TRUE,0,118414037989
237658375,bd831a9b-d28e-4be6-b61f-d1df4a256bff,237658375,PRE_ORDER_TIPPING,Bank,success,59.0000,0.0000,5.0000,118302614663,FALSE,TRUE,0,118302614663
237658375,6c8deec0-4794-4f58-8b34-4d62d3f5cd74,237658375,PRE_ORDER_TIPPING,Bank,success,56.0000,0.0000,0.0000,118241485990,FALSE,TRUE,0,118241485990
237658375,7710458b-c6fe-428a-86a6-579d80951877,237658375,PRE_ORDER_TIPPING,Bank,success,118.0000,0.0000,0.0000,118151861254,FALSE,TRUE,0,118151861254
237658375,00268ff9-1235-40a1-9359-8887676dd915,237658375,PRE_ORDER_TIPPING,Bank,success,68.0000,0.0000,0.0000,118075030150,FALSE,TRUE,0,118075030150
237658375,5a21d4bd-84a2-4bf1-a41d-5df2abca50ca,237658375,PRE_ORDER_TIPPING,Bank,success,72.0000,0.0000,0.0000,117998439386,FALSE,TRUE,0,117998439386
237658375,6c8deec0-4794-4f58-8b34-4d62d3f5cd74,237658375,PRE_ORDER_TIPPING,Bank,success,60.0000,0.0000,0.0000,117981557454,FALSE,TRUE,0,117981557454
237658375,6c8deec0-4794-4f58-8b34-4d62d3f5cd74,237658375,PRE_ORDER_TIPPING,Bank,success,60.0000,0.0000,0.0000,117897462809,FALSE,TRUE,0,117897462809
237658375,cd5c616f-d226-4d81-b7f3-04e179e34fce,237658375,PRE_ORDER_TIPPING,Bank,success,94.0000,0.0000,0.0000,117810261435,FALSE,TRUE,5,117810261435
237658375,9fdedfea-f83e-41ad-8132-bc0680e83a80,237658375,PRE_ORDER_TIPPING,Bank,success,60.0000,0.0000,0.0000,117728240591,FALSE,TRUE,0,117728240591
237658375,68036425-9ab3-43fd-bd4e-5970923c976d,237658375,PRE_ORDER_TIPPING,Bank,success,90.0000,0.0000,0.0000,117464628967,FALSE,TRUE,0,117464628967
237658375,2c06945f-74ae-4167-a8f9-8354f240b068,237658375,PRE_ORDER_TIPPING,Bank,success,103.0000,0.0000,0.0000,117364500509,FALSE,TRUE,5,117364500509
237658375,62d02e35-e7d4-4ae7-a0dd-0099f0d01143,237658375,PRE_ORDER_TIPPING,Bank,success,56.0000,0.0000,0.0000,117296923443,FALSE,TRUE,0,117296923443
237658375,2b1ccd2c-9062-4a76-ba73-0a467ae96ed3,237658375,PRE_ORDER_TIPPING,Bank,success,68.0000,0.0000,0.0000,117207245564,FALSE,TRUE,0,117207245564
26700403,0a330473-3fe9-413b-bf94-164774351c52,26700403,,PhonePe,success,264.0000,0.0000,0.0000,67523967317,FALSE,TRUE,16,67523967317
26700403,d8e678b1-6457-4ffb-8566-2bfef00c7ef6,26700403,,Cash,success,119.0000,0.0000,19.0000,66233952860,FALSE,TRUE,7,66233952860
109798383,88816869-522f-46d4-8cc5-03dfda061416,109798383,PRE_ORDER_TIPPING,PhonePe,success,146.0000,0.0000,45.0000,106858576360,FALSE,TRUE,7,106858576360
225980322,dd24db34-cef0-4c31-866e-670f05393ee4,225980322,PRE_ORDER_TIPPING,Bank,success,205.0000,0.0000,26.0000,120642497357,FALSE,TRUE,10,120642497357
225980322,dd24db34-cef0-4c31-866e-670f05393ee4,225980322,PRE_ORDER_TIPPING,Bank,success,111.0000,0.0000,26.0000,119515034193,FALSE,TRUE,6,119515034193
225980322,587234d9-f547-4ae6-8986-d2a8b574e894,225980322,PRE_ORDER_TIPPING,Bank,success,107.0000,0.0000,0.0000,118910814329,FALSE,TRUE,7,118910814329
225980322,dd24db34-cef0-4c31-866e-670f05393ee4,225980322,PRE_ORDER_TIPPING,Bank,success,179.0000,0.0000,0.0000,118825635553,FALSE,TRUE,10,118825635553
225980322,dd24db34-cef0-4c31-866e-670f05393ee4,225980322,PRE_ORDER_TIPPING,Bank,success,179.0000,0.0000,0.0000,118307791617,FALSE,TRUE,10,118307791617
225980322,dd24db34-cef0-4c31-866e-670f05393ee4,225980322,PRE_ORDER_TIPPING,Credit/Debit card,success,179.0000,0.0000,0.0000,118222665110,FALSE,TRUE,10,118222665110
225980322,dd24db34-cef0-4c31-866e-670f05393ee4,225980322,PRE_ORDER_TIPPING,Credit/Debit card,success,179.0000,0.0000,0.0000,117875806846,FALSE,TRUE,10,117875806846
225980322,730f139c-8a59-4d90-9850-92f6e739212a,225980322,PRE_ORDER_TIPPING,Bank,success,124.0000,0.0000,0.0000,117789351073,FALSE,TRUE,5,117789351073
225980322,6ec09ee5-5a12-4a0b-ba12-3a9105f3fb73,225980322,PRE_ORDER_TIPPING,Bank,success,116.0000,0.0000,0.0000,117445556212,FALSE,TRUE,7,117445556212
225980322,7acc94b8-5800-489b-af8f-3b489d2c9948,225980322,PRE_ORDER_TIPPING,Bank,success,123.0000,0.0000,0.0000,117272321626,FALSE,TRUE,8,117272321626
225980322,e445de15-a39d-4a54-b0ca-06ad2bab9ec6,225980322,PRE_ORDER_TIPPING,Bank,success,127.0000,0.0000,0.0000,117271826181,FALSE,TRUE,8,117271826181
225980322,dd24db34-cef0-4c31-866e-670f05393ee4,225980322,PRE_ORDER_TIPPING,Bank,success,179.0000,0.0000,0.0000,117270995438,FALSE,TRUE,10,117270995438
225980322,77d2319e-c02d-4551-8507-5358c36882cc,225980322,PRE_ORDER_TIPPING,Credit/Debit card,success,191.0000,0.0000,0.0000,117183445334,FALSE,TRUE,11,117183445334
225980322,dd24db34-cef0-4c31-866e-670f05393ee4,225980322,PRE_ORDER_TIPPING,Bank,success,95.0000,0.0000,0.0000,117098227960,FALSE,TRUE,6,117098227960
225980322,dd24db34-cef0-4c31-866e-670f05393ee4,225980322,PRE_ORDER_TIPPING,Bank,success,81.0000,0.0000,0.0000,117010572677,FALSE,TRUE,5,117010572677
225980322,67be02e4-8f95-4cb0-b370-1cfec1be8b47,225980322,PRE_ORDER_TIPPING,Bank,success,104.0000,0.0000,0.0000,116759364945,FALSE,TRUE,6,116759364945
225980322,dd24db34-cef0-4c31-866e-670f05393ee4,225980322,PRE_ORDER_TIPPING,Credit/Debit card,success,85.0000,0.0000,0.0000,116663969150,FALSE,TRUE,6,116663969150
225980322,dd24db34-cef0-4c31-866e-670f05393ee4,225980322,PRE_ORDER_TIPPING,PhonePe,success,148.0000,0.0000,0.0000,118491716868,FALSE,TRUE,9,118491716868
225980322,dd24db34-cef0-4c31-866e-670f05393ee4,225980322,PRE_ORDER_TIPPING,PhonePe,success,85.0000,0.0000,0.0000,116578672902,FALSE,TRUE,6,116578672902
225980322,4b784ea3-c2a3-414c-ac8a-be5c8fdaebf9,225980322,PRE_ORDER_TIPPING,Credit/Debit card,refund-initiated,88.0000,0.0000,0.0000,116493438724,FALSE,,5,116493438724
225980322,dd24db34-cef0-4c31-866e-670f05393ee4,225980322,PRE_ORDER_TIPPING,Bank,success,113.0000,0.0000,28.0000,116406726316,FALSE,TRUE,6,116406726316
225980322,20b6101d-a430-4c1f-a777-0b8b54e6f312,225980322,PRE_ORDER_TIPPING,Bank,refund-initiated,107.0000,0.0000,38.0000,116146922399,FALSE,,4,116146922399
225980322,12c2f371-da66-4cc0-8ab0-8b7c96250fea,225980322,PRE_ORDER_TIPPING,Bank,success,246.0000,0.0000,23.0000,116061108547,FALSE,TRUE,12,116061108547
225980322,a251397c-3542-4a17-85d8-7f3a03d8130a,225980322,PRE_ORDER_TIPPING,Bank,success,104.0000,0.0000,23.0000,115973368780,FALSE,TRUE,5,115973368780
225980322,a39e182f-1452-4890-9886-d77a5a400096,225980322,PRE_ORDER_TIPPING,Bank,success,122.0000,0.0000,23.0000,115888283488,FALSE,TRUE,6,115888283488
225980322,da54c579-66c7-4192-a2a7-3b55aa9fe145,225980322,PRE_ORDER_TIPPING,Bank,success,121.0000,0.0000,23.0000,115801516088,FALSE,TRUE,5,115801516088
225980322,6f9806e2-0450-4209-a757-06cb5477d50e,225980322,PRE_ORDER_TIPPING,Bank,success,96.0000,0.0000,23.0000,115542196851,FALSE,TRUE,9,115542196851
225980322,402c6d4e-03dd-42b6-a27b-0c4f68b20a50,225980322,PRE_ORDER_TIPPING,Bank,success,104.0000,0.0000,23.0000,115457620494,FALSE,TRUE,5,115457620494
225980322,e06e190a-22e9-44b0-abc9-3afb5e919597,225980322,PRE_ORDER_TIPPING,Bank,success,106.0000,0.0000,0.0000,115369641419,FALSE,TRUE,6,115369641419
225980322,ffb3b825-4b33-4d16-a269-80ebec8d5df9,225980322,PRE_ORDER_TIPPING,Bank,success,90.0000,0.0000,0.0000,115369346209,FALSE,TRUE,6,115369346209
225980322,d9865b64-efd4-4425-b16f-9a3bac8702e4,225980322,PRE_ORDER_TIPPING,Bank,success,116.0000,0.0000,0.0000,115285207654,FALSE,TRUE,6,115285207654
225980322,da54c579-66c7-4192-a2a7-3b55aa9fe145,225980322,PRE_ORDER_TIPPING,Bank,success,93.0000,0.0000,0.0000,115197448716,FALSE,TRUE,5,115197448716
225980322,9ce8ea75-a444-4cf5-a731-54f284e47195,225980322,PRE_ORDER_TIPPING,Bank,success,511.0000,0.0000,54.0000,115025023791,FALSE,TRUE,22,115025023791
225980322,0aa512b3-00db-43ab-ad2d-2702de4e14ce,225980322,PRE_ORDER_TIPPING,Bank,success,116.0000,0.0000,0.0000,114851558206,FALSE,TRUE,7,114851558206
225980322,0aa512b3-00db-43ab-ad2d-2702de4e14ce,225980322,PRE_ORDER_TIPPING,Bank,success,126.0000,0.0000,0.0000,114765946630,FALSE,TRUE,7,114765946630
225980322,658ab3b4-38d7-41ba-a3ed-291789d55773,225980322,PRE_ORDER_TIPPING,Bank,refund-initiated,299.0000,0.0000,59.0000,114680624727,FALSE,,11,114680624727
225980322,da54c579-66c7-4192-a2a7-3b55aa9fe145,225980322,PRE_ORDER_TIPPING,Bank,success,93.0000,0.0000,0.0000,114592318480,FALSE,TRUE,5,114592318480
225980322,68b04fa1-1358-49a8-ab56-2ee08d74c02e,225980322,PRE_ORDER_TIPPING,Bank,success,205.0000,0.0000,0.0000,114420461063,FALSE,TRUE,0,114420461063
225980322,9d10f949-3115-433d-a8fb-1367dc618b6b,225980322,PRE_ORDER_TIPPING,Bank,success,81.0000,0.0000,0.0000,114334681698,FALSE,TRUE,5,114334681698
225980322,f50cf185-3dbe-47fc-bf62-4c5d82ca7757,225980322,PRE_ORDER_TIPPING,Bank,success,106.0000,0.0000,23.0000,114245426401,FALSE,TRUE,4,114245426401
225980322,2510b333-d87e-4b1e-a6b6-d8de822f1102,225980322,PRE_ORDER_TIPPING,Bank,success,109.0000,0.0000,23.0000,114159400689,FALSE,TRUE,5,114159400689
225980322,da54c579-66c7-4192-a2a7-3b55aa9fe145,225980322,PRE_ORDER_TIPPING,Bank,success,116.0000,0.0000,23.0000,114072762313,FALSE,TRUE,5,114072762313
225980322,b62d3397-0d2d-4550-91e5-3d2119f92d00,225980322,PRE_ORDER_TIPPING,Bank,success,99.0000,0.0000,23.0000,113987819152,FALSE,TRUE,5,113987819152
225980322,289f1df2-aa15-43d0-bd7e-9e4039ac4857,225980322,PRE_ORDER_TIPPING,Bank,success,124.0000,0.0000,48.0000,113814033468,FALSE,TRUE,4,113814033468
225980322,da54c579-66c7-4192-a2a7-3b55aa9fe145,225980322,PRE_ORDER_TIPPING,Bank,success,116.0000,0.0000,23.0000,113643874971,FALSE,TRUE,5,113643874971
225980322,58c7f9fc-61f7-493e-9971-e034c91e81d2,225980322,PRE_ORDER_TIPPING,Bank,success,113.0000,0.0000,28.0000,113557174135,FALSE,TRUE,6,113557174135
225980322,bcbb8567-f708-422d-afbf-0a6366841302,225980322,PRE_ORDER_TIPPING,Bank,success,122.0000,0.0000,23.0000,113209052483,FALSE,TRUE,9,113209052483
225980322,c07a8957-c519-49ab-baff-eb1aa55700dc,225980322,PRE_ORDER_TIPPING,Bank,success,127.0000,0.0000,38.0000,113123215172,FALSE,TRUE,5,113123215172
225980322,61058765-2306-4dfe-9458-90ac2a94045d,225980322,PRE_ORDER_TIPPING,Bank,success,94.0000,0.0000,38.0000,113033898618,FALSE,TRUE,4,113033898618
225980322,c7c06518-a977-4ed2-a4ab-50d37e929d6c,225980322,PRE_ORDER_TIPPING,Bank,success,113.0000,0.0000,23.0000,112864497608,FALSE,TRUE,5,112864497608
225980322,ccd0fbb0-d99f-4570-a9b5-8547842f219d,225980322,PRE_ORDER_TIPPING,Bank,success,106.0000,0.0000,23.0000,112776589292,FALSE,TRUE,0,112776589292
225980322,a5240829-aa20-4b57-8d9b-b8901087d234,225980322,PRE_ORDER_TIPPING,Bank,success,121.0000,0.0000,38.0000,112604305380,FALSE,TRUE,5,112604305380
225980322,e0eebe7b-e2b3-4487-a0e6-ecc52af00fdc,225980322,PRE_ORDER_TIPPING,Bank,success,128.0000,0.0000,38.0000,112262351930,FALSE,TRUE,5,112262351930
225980322,7a2d4ce8-7919-47c4-b0d7-a230c1f1a29f,225980322,PRE_ORDER_TIPPING,Bank,success,143.0000,0.0000,38.0000,112002077959,FALSE,TRUE,0,112002077959
225980322,74a4f9e4-414a-4cc6-8468-2641b44f59cd,225980322,PRE_ORDER_TIPPING,Bank,success,137.0000,0.0000,23.0000,111917197546,FALSE,TRUE,6,111917197546